Находка и синонимы,Регулярное выражение (RegEx),Врач
Гипертрофия левого желудочка / ГЛЖ / утолщение стенок ЛЖ / утолщение МЖП и ЗСЛЖ,(?i)(гипертрофи[яи]|глж|утолщен(ие|ия)\s+(стенок\s+лж|мжп|зслж)),Кардиолог
Дилатация левого желудочка / предсердия / расширение камер / увеличение полости,(?i)(дилат[аи]ци[яи]|расширен(ие|ия)\s+(камер|полост[еи]|лж|лп)|увеличен(ие|ия)\s+(полости|полостей|лж|лп)),Кардиолог
Снижение глобальной сократимости ЛЖ / снижение ФВ / фракция выброса менее 50%,(?i)(снижен(ие|ия)\s+(сократимости|фв|систолической\s+функции)|фракци[яи]\s+выброса\s+менее\s+50|фв\s*<\s*50),Кардиолог
Фракция выброса в норме / сохранная сократимость / систолическая функция сохранена,(?i)(сохранная\s+сократимость|функция\s+сохранена|фв\s+в\s+норме|фв\s*>\s*50|фв\s*=\s*(5[5-9]|[6-9]\d)),—
Зоны гипокинезии / локальное нарушение сократимости / гипокинез стенки ЛЖ,(?i)(гипокинез[а]?|акинез[а]?|локально(е|го)\s+нарушен(ие|ия)\s+сократимости|зоны\s+гипокинезии),Кардиолог / Аритмолог
Диастолическая дисфункция ЛЖ / нарушение расслабления ЛЖ,"(?i)(диастолическ[аяоий]{2,4}\s+дисфункци[яи]|нарушен(ие|ия)\s+расслабления\s+лж)",Кардиолог
Атеросклероз аорты / уплотнение или кальциноз стенок аорты,(?i)(атеросклероз\s+аорты|уплотнен(ие|ия)\s+(стенок\s+)?аорты|кальциноз\s+аорты),Кардиолог / Терапевт
Дилатация корня аорты / расширение восходящего отдела аорты,(?i)(дилат[аи]ци[яи]\s+(корня\s+)?аорты|расширен(ие|ия)\s+восходящего\s+отдела),Кардиолог / Кардиохирург
"Недостаточность клапанов (митрального, аортального) / регургитация 1, 2, 3 степени",(?i)(недостаточность\s+\w+\s+клапана|регургитаци[яи]\s+\d\s*(-ая|-я)?\s*(ст(еп)?|степени)?),Кардиолог / Кардиохирург
Пролапс митрального клапана (ПМК) / прогиб створок МК в полость ЛП,(?i)(пролапс\s+(митрального\s+клапана|мк)|пмк(\s+\d)?\s*ст),Кардиолог
Легочная гипертензия / повышение давления в легочной артерии / СДЛА более 35 мм рт.ст.,"(?i)(легочн[аяоий]{2,4}\s+гипертензи[яи]|сдла\s*(>|более)\s*35|повышен(ие|ия)\s+давления\s+в\s+ла)",Кардиолог / Пульмонолог
Жидкость в полости перикарда / выпот в перикарде / гидроперикард,(?i)(жидкость\s+в\s+(полости\s+)?перикарда|выпот\s+в\s+перикарде|гидроперикард),Кардиолог
Дополнительная хорда ЛЖ (ДХЛЖ) / аномально расположенная хорда / ложная хорда,"(?i)(дополнительн[аяоий]{2,4}\s+хорда|дхлж|ложная\s+хорда|аномальн[аяоий]{2,4}\s+расположенная\s+хорда)",— (вариант нормы)
Открытое овальное окно (ООО) / сброс крови на уровне предсердий,(?i)(открытое\s+овальное\s+окно|ооо|сброс\s+крови\s+на\s+уровне\s+предсердий),Кардиолог
