Находка и синонимы,Врач
Гипертрофия левого желудочка / ГЛЖ / утолщение стенок ЛЖ / утолщение МЖП и ЗСЛЖ,Кардиолог
Дилатация левого желудочка / расширение ЛЖ / увеличение полости ЛЖ / ЛЖ до ... мм,Кардиолог
Дилатация левого предсердия / расширение ЛП / увеличение полости ЛП / ЛП до ... мм,Кардиолог
Снижение глобальной сократимости ЛЖ / снижение ФВ / фракция выброса менее 50% / систолическая дисфункция,Кардиолог
Фракция выброса в норме / сохранная сократимость / ФВ более 55% / систолическая функция сохранена,—
Зоны гипокинезии / локальное нарушение сократимости / гипокинез стенки ЛЖ / акинез,Кардиолог / Аритмолог
Диастолическая дисфункция ЛЖ / нарушение расслабления ЛЖ / диастолическая дисфункция 1 типа,Кардиолог
Атеросклероз аорты / уплотнение стенок аорты / кальциноз аорты / склероз стенок аорты,Кардиолог / Терапевт
Дилатация корня аорты / расширение восходящего отдела аорты / аорта до ... мм,Кардиолог / Сердечно-сосудистый хирург
Недостаточность митрального клапана / митральная регургитация / МК регургитация 1-2 степени,Кардиолог
Стеноз митрального клапана / митральный стеноз / кальциноз створок МК с ограничением открытия,Кардиолог / Сердечно-сосудистый хирург
Пролапс митрального клапана / ПМК / прогиб створок МК в полость ЛП / ПМК 1 степени,Кардиолог / Педиатр (если у детей)
Недостаточность аортального клапана / аортальная регургитация / АК регургитация 1 степени,Кардиолог
Стеноз аортального клапана / аортальный стеноз / сужение аортального отверстия / кальциноз АК,Кардиолог / Сердечно-сосудистый хирург
Недостаточность трикуспидального клапана / трикуспидальная регургитация / ТК регургитация 1-2 ст.,Кардиолог
Легочная гипертензия / повышение давления в легочной артерии / СДЛА более 35 мм рт.ст.,Кардиолог / Пульмонолог
Давление в легочной артерии в норме / СДЛА в норме / признаков легочной гипертензии не выявлено,—
Жидкость в полости перикарда / выпот в перикарде / гидроперикард / сепарация листков перикарда до ... мм,Кардиолог
Жидкости в полости перикарда не выявлено / листки перикарда сомкнуты / физиологическое количество жидкости,—
Дополнительная хорда ЛЖ / ДХЛЖ / аномально расположенная хорда / ложная хорда ЛЖ,— (клинически незначимо)
Открытое овальное окно / ООО / патентное овальное окно / сброс крови на уровне предсердий,Кардиолог / Педиатр
Дилатация правых камер сердца / расширение ПЖ и ПП / увеличение правого желудочка,Кардиолог / Пульмонолог
Нарушения внутрисердечной гемодинамики не выявлено / показатели в пределах возрастной нормы,—
